FundLongName,ValorSymbol,FundReutersTicker,FundBloombergTicker,ValorNumber,ISIN,IssuerLongNameDesc,IssuerNameFull,TradingBaseCurrency,FundCurrency,ManagementFee,ReplicationMethodDesc,ManagementStyleDesc,MarketMakers,ClosingPrice,ClosingPerformance,ClosingDelta,FundUnderlyingDescription,BidVolume,BidPrice,AskVolume,AskPrice,MidSpread,PreviousClosingPrice,MarketDate,MarketTime,OpeningPrice,OpeningPrice,DailyLowPrice,OnMarketVolume,OffBookVolume,TotalTurnover,TotalTurnoverCHF,ProductLineDesc,AssetClassDesc,UnderlyingGeographicalDesc,LegalStructureCountryDesc,UnderlyingProviderDesc
1 FiCAS Active Bitcoin Exchange Traded Product,BTCB,BTCB.S,BTCB SE,113027698,CH1130276988,Bitcoin Capital AG,Bitcoin Capital AG,CHF,CHF,0.95,Unknown,active,Flow Traders B.V.,5.736,-4.91,-0.296,Bitcoin (BTC),,,,,,,,,,,,,,,,,,,,
1 FiCAS Active Ethereum Exchange Traded Product,ETHB,ETHB.S,ETHB SE,113027699,CH1130276996,Bitcoin Capital AG,Bitcoin Capital AG,CHF,CHF,0.95,Unknown,active,Flow Traders B.V.,5.024,-5.92,-0.316,Ethereum (ETH),,,,,,,,,,,,,,,,,,,,
15 FiCAS Active Crypto ETP,BTCA,BTCA.S,BTCA SE,54868960,CH0548689600,Bitcoin Capital AG,Bitcoin Capital AG,CHF,CHF,2,Unknown,active,Flow Traders B.V.,174,-2.55,-4.56,top 15 digital assets,,,,,,,,,,,,,,,,,,,,
15 FiCAS Active Crypto ETP,BTCA,BTCA.S,BTCA SE,54868960,CH0548689600,Bitcoin Capital AG,Bitcoin Capital AG,EUR,CHF,2,Unknown,active,Flow Traders B.V.,165.82,-4.18,-7.24,top 15 digital assets,,,,,,,,,,,,,,,,,,,,
15 FiCAS Active Crypto ETP,BTCA,BTCA.S,BTCA SE,54868960,CH0548689600,Bitcoin Capital AG,Bitcoin Capital AG,USD,CHF,2,Unknown,active,Flow Traders B.V.,188.1,-5.84,-11.66,top 15 digital assets,,,,,,,,,,,,,,,,,,,,
21Shares Algorand (ALGO) ETP,ALGO,ALGO.S,ALGO SE,114688231,CH1146882316,21Shares AG,21Shares AG,CHF,USD,2.5,physical,passive,Flow Traders B.V.,8.876,-6.56,-0.623,N/A,0,,0,,,9.499,20220218,,9.234,9.234,8.876,484,0,4371.18,4371.18,Exchange Traded Product,Other,Global,Switzerland,N/A
21Shares Algorand (ALGO) ETP,ALGO,ALGO.S,ALGO SE,114688231,CH1146882316,21Shares AG,21Shares AG,EUR,USD,2.5,physical,passive,Flow Traders B.V.,8.64,-5.34,-0.487,N/A,0,,0,,,9.127,20220218,,,,,0,0,0,0,Exchange Traded Product,Other,Global,Switzerland,N/A
21Shares Algorand (ALGO) ETP,ALGO,ALGO.S,ALGO SE,114688231,CH1146882316,21Shares AG,21Shares AG,USD,USD,2.5,physical,passive,Flow Traders B.V.,9.866,-4.21,-0.434,N/A,0,,0,,,10.3,20220218,,10.154,10.154,9.866,3714,0,37039.37,34091.04,Exchange Traded Product,Other,Global,Switzerland,N/A
21Shares Avalanche (AVAX) ETP,AVAX,AVAX.S,AVAX.SE,113520208,CH1135202088,21Shares AG,21Shares AG,CHF,USD,2.5,physical,passive,Flow Traders B.V.,15.86,-4.9,-0.818,N/A,0,,90,24,,16.678,20220218,,16.394,16.394,15.86,1425,0,23213.75,23213.75,Exchange Traded Product,Other,Global,Switzerland,N/A
21Shares Avalanche (AVAX) ETP,AVAX,AVAX.S,AVAX.SE,113520208,CH1135202088,21Shares AG,21Shares AG,EUR,USD,2.5,physical,passive,Flow Traders B.V.,14.928,-9.76,-1.614,N/A,0,,0,,,16.542,20220218,,15.712,15.712,14.928,1157,0,18055.7,18900.71,Exchange Traded Product,Other,Global,Switzerland,N/A
21Shares Avalanche (AVAX) ETP,AVAX,AVAX.S,AVAX.SE,113520208,CH1135202088,21Shares AG,21Shares AG,USD,USD,2.5,physical,passive,Flow Traders B.V.,16.642,-8.51,-1.548,N/A,500,16.1,255,38,80.9612,18.19,20220218,,17.82,17.82,16.564,24693,0,424222.45,390454.34,Exchange Traded Product,Other,Global,Switzerland,N/A
21Shares Binance BNB ETP,ABNB,ABNB.S ,ABNB.SE ,49645415,CH0496454155,21Shares AG,21Shares AG,USD,USD,2.5,Unknown,passive,Flow Traders B.V.|Optiver V.O.F,28.945,-4.99,-1.52,N/A ,0,,20,36.5,,30.465,20220218,,29.93,29.93,28.815,5463,0,161585.43,148723.23,Exchange Traded Product,Other,Global,Switzerland,N/A 
21Shares Bitcoin Cash ETP,ABCH,ABCH.S,ABCH SW,47555220,CH0475552201,21Shares AG,21Shares AG,USD,USD,2.5,Unknown,passive,Flow Traders B.V.,13.79,-5.79,-0.848,Bitcoin Cash,0,,50,27,,14.638,20220218,,14.142,14.142,13.79,3301,0,45883.33,42231.02,Exchange Traded Product,Other,Global,Switzerland,N/A
21Shares Bitcoin ETP,ABTC,ABTC.S,ABTC SE,45466400,CH0454664001,21Shares AG,21Shares AG,CHF,USD,1.49,Unknown,passive,Flow Traders B.V.|GHCO (Goldenberg Hehmeyer LLP)|Optiver V.O.F,13.012,-4.2,-0.57,Bitcoin,100,12.68,1000,15,16.763,13.582,20220218,,13.236,13.236,12.872,3580,0,47254.55,47254.55,Exchange Traded Product,Other,Global,Switzerland,N/A
21Shares Bitcoin ETP,ABTC,ABTC.S ,ABTC SE ,45466400,CH0454664001,21Shares AG,21Shares AG,EUR,USD,1.49,Unknown,passive,Flow Traders B.V.|GHCO (Goldenberg Hehmeyer LLP)|Optiver V.O.F,12.49,-4.47,-0.584,Bitcoin,800,12,0,,0,13.074,20220218,,12.636,12.636,12.284,2143,0,26603.6,27848.65,Exchange Traded Product,Other,Global,Switzerland,N/A
21Shares Bitcoin ETP,ABTC,ABTC.S ,ABTC SE ,45466400,CH0454664001,21Shares AG,21Shares AG,GBP,USD,1.49,Unknown,passive,Flow Traders B.V.|GHCO (Goldenberg Hehmeyer LLP)|Optiver V.O.F,10.3,-6.18,-0.678,Bitcoin,0,,0,,,10.978,20220218,,10.3,10.3,10.3,95,0,978.5,1227.14,Exchange Traded Product,Other,Global,Switzerland,N/A
21Shares Bitcoin ETP,ABTC,ABTC.S,ABTC SE ,45466400,CH0454664001,21Shares AG,21Shares AG,USD,USD,1.49,Unknown,passive,Flow Traders B.V.|GHCO (Goldenberg Hehmeyer LLP)|Optiver V.O.F,14.132,-4.66,-0.69,Bitcoin,8000,13.5,3250,16.3,18.7919,14.822,20220218,,14.404,14.404,13.95,313311,0,4483894.83,4126976.8,Exchange Traded Product,Other,Global,Switzerland,N/A
21Shares Bitcoin Suisse Index ETP,ABBA,ABBA.S ,ABBA SE ,49648464,CH0496484640,21Shares AG,21Shares AG,CHF,CHF,2.5,Unknown,passive,Flow Traders B.V.|Optiver V.O.F,17.568,-7.13,-1.348,Amun Bitcoin Suisse Index ,10,#NAME?,100,20.4,,18.916,20220218,,18.202,18.202,17.568,3718,0,66490.63,66490.63,Exchange Traded Product,Other,Global,Switzerland,N/A
21Shares Bitwise Select 10 Large Cap Crypto Index ETP,KEYS,KEYS.S,KEYS SE,47598631,CH0475986318,21Shares AG,21Shares AG,USD,USD,2.5,Unknown,passive,Flow Traders B.V.,18.558,-8.2,-1.657,Bitwise Select 10 Large Cap Crypto,750,13,2000,38.52,99.0683,20.215,20220218,,18.828,18.828,18.558,4258,0,79764.62,73415.36,Exchange Traded Product,Other,Global,Switzerland,Bitwise
21Shares Cardano ETP,AADA,AADA.S,AADA SE,110272875,CH1102728750,21Shares AG,21Shares AG,USD,USD,2.5,Unknown,passive,Flow Traders B.V.,20.24,-4.37,-0.925,N/A,0,,50,34.9,,21.165,20220218,,20.89,20.89,19.884,7867,0,160724.01,147930.38,Exchange Traded Product,Other,Global,Switzerland,21Shares AG 
21Shares Cosmos ETP (ATOM),ATOM,ATOM.S ,ATOM SE ,114593099,CH1145930991,21Shares AG,21Shares AG,CHF,USD,2.5,Physical,passive,Flow Traders B.V.,13.386,-7.67,-1.112,N/A,0,,0,,,14.498,20220218,,,,,0,0,0,0,Exchange Traded Product,Other,Global,Switzerland,21Shares AG 
21Shares Cosmos ETP (ATOM),ATOM,ATOM.S ,ATOM SE ,114593099,CH1145930991,21Shares AG,21Shares AG,EUR,USD,2.5,Physical,passive,Flow Traders B.V.,12.83,-7.76,-1.08,N/A,0,,0,,,13.91,20220218,,,,,0,0,0,0,Exchange Traded Product,Other,Global,Switzerland,21Shares AG 
21Shares Cosmos ETP (ATOM),ATOM,ATOM.S ,ATOM SE ,114593099,CH1145930991,21Shares AG,21Shares AG,USD,USD,2.5,Physical,passive,Flow Traders B.V.,14.54,-7.52,-1.182,N/A,0,,0,,,15.722,20220218,,,,,0,0,0,0,Exchange Traded Product,Other,Global,Switzerland,21Shares AG 
21Shares Crypto Basket 10 ETP,HODLX,HODLX.S,HODLX SE,113520217,CH1135202179,21Shares AG,21Shares AG,USD,USD,2.5,unknown,passive,Flow Traders B.V.,18.622,-2.5,-0.478,Vinter,0,,0,,,19.1,20220218,,18.622,18.622,18.622,148,0,2756.06,2536.68,Exchange Traded Product,Other,Global,Switzerland,unknown
21Shares Crypto Basket Equal Weight ETP,HODLV,HODLV.S,HODLV SE,113520216,CH1135202161,21Shares AG,21Shares AG,USD,USD,2.5,unknown,passive,Flow Traders B.V.,16.35,-3.33,-0.564,Vinter,0,,0,,,16.914,20220218,,16.49,16.49,16.35,3380,0,55702.32,51268.42,Exchange Traded Product,Other,Global,Switzerland,unknown
21Shares Crypto Basket Index,HODL,HODL.S,HODL SE,44568920,CH0445689208,21Shares AG,21Shares AG,EUR,USD,2.5,Unknown,passive,Flow Traders B.V.,11.968,-5.02,-0.632,21Shares Crypto Basket Index ,100,10,50,21,70.9677,12.6,20220218,,12.298,12.298,11.968,274,0,3326.11,3481.77,Exchange Traded Product,Other,Global,Switzerland,21Shares AG 
21Shares Crypto Basket Index,HODL,HODL.S ,HODL SE,44568920,CH0445689208,21Shares AG,21Shares AG,GBP,USD,2.5,Unknown,passive,Flow Traders B.V.,10.102,-3.66,-0.384,21Shares Crypto Basket Index ,0,,0,,,10.486,20220218,,,,,0,0,0,0,Exchange Traded Product,Other,Global,Switzerland,21Shares AG 
21Shares Crypto Basket Index,HODL,HODL.S,HODL SE,44568920,CH0445689208,21Shares AG,21Shares AG,USD,USD,2.5,Unknown,passive,Flow Traders B.V.,13.62,-4.89,-0.7,21Shares Crypto Basket Index ,29,13,1600,14.3,9.5238,14.32,20220218,,13.978,13.978,13.53,8898,0,122719.78,112951.29,Exchange Traded Product,Other,Global,Switzerland,21Shares AG 
21Shares Crypto Mid-Cap Index ETP (ALTS),ALTS,ALTS.S,ALTS SE,113067567,CH1130675676,21Shares AG,21Shares AG,CHF,USD,2.5,physical,passive,Flow Traders B.V.,13.704,-5.41,-0.784,Vinter,0,,0,,,14.488,20220218,,,,,0,0,0,0,Exchange Traded Product,Other,Global,Switzerland,N/A
21Shares Crypto Mid-Cap Index ETP (ALTS),ALTS,ALTS.S,ALTS SE,113067567,CH1130675676,21Shares AG,21Shares AG,EUR,USD,2.5,physical,passive,Flow Traders B.V.,13.126,-5.28,-0.732,Vinter,0,,0,,,13.858,20220218,,,,,0,0,0,0,Exchange Traded Product,Other,Global,Switzerland,N/A
21Shares Crypto Mid-Cap Index ETP (ALTS),ALTS,ALTS.S,ALTS SE,113067567,CH1130675676,21Shares AG,21Shares AG,USD,USD,2.5,physical,passive,Flow Traders B.V.,14.746,-6.05,-0.95,Vinter,0,,0,,,15.696,20220218,,15.43,15.43,14.746,699,0,10630.13,9783.97,Exchange Traded Product,Other,Global,Switzerland,N/A
21Shares Ethereum ETP,AETH,AETH,AETH SE,45466402,CH0454664027,21Shares AG,21Shares AG,CHF,USD,2.5,Unknown,passive,Flow Traders B.V.|GHCO (Goldenberg Hehmeyer LLP)|Optiver V.O.F,28.655,-6.78,-2.085,Ethereum,190,26,100,37.3,35.703,30.74,20220218,,30,30,28.655,5028,0,148007.06,148007.06,Exchange Traded Product,Other,Global,Switzerland,N/A
21Shares Ethereum ETP,AETH,AETH.S,AETH SE,45466402,CH0454664027,21Shares AG,21Shares AG,EUR,USD,2.5,Unknown,passive,Flow Traders B.V.|GHCO (Goldenberg Hehmeyer LLP)|Optiver V.O.F,28.095,-4.16,-1.22,Ethereum,0,,500,40.6,,29.315,20220218,,28.885,28.885,28.095,911,0,25824.62,27033.21,Exchange Traded Product,Other,Global,Switzerland,N/A
21Shares Ethereum ETP,AETH,AETH.S ,AETH SE ,45466402,CH0454664027,21Shares AG,21Shares AG,GBP,USD,2.5,Unknown,passive,Flow Traders B.V.|GHCO (Goldenberg Hehmeyer LLP)|Optiver V.O.F,23.275,-5.65,-1.395,Ethereum,0,,0,,,24.67,20220218,,23.275,23.275,23.275,2109,0,49086.98,61559.98,Exchange Traded Product,Other,Global,Switzerland,N/A
21Shares Ethereum ETP,AETH,AETH.S,AETH SE ,45466402,CH0454664027,21Shares AG,21Shares AG,USD,USD,2.5,Unknown,passive,Flow Traders B.V.|GHCO (Goldenberg Hehmeyer LLP)|Optiver V.O.F,31.375,-6.08,-2.03,Ethereum,300,30,1400,38,23.5294,33.405,20220218,,32.475,32.475,31.01,39650,0,1282434.53,1180352.74,Exchange Traded Product,Other,Global,Switzerland,N/A
21Shares Polkadot (ADOT) ETP,ADOT,ADOT.S,ADOT SE,59333156,CH0593331561,21Shares AG,21Shares AG,USD,USD,2.5,Unknown,passive,Flow Traders B.V.|Optiver V.O.F,9.624,-4.41,-0.444,Polkadot,600,9.4,1000,13.85,38.2796,10.068,20220218,,9.966,9.966,9.509,28833,0,280386,258067.27,Exchange Traded Product,Other,Global,Switzerland,N/A
21Shares Polygon (POLY) ETP,POLY,POLY.S,POLY SE,112953844,CH1129538448,21Shares AG,21Shares AG,CHF,USD,2.5,Physical,passive,Flow Traders B.V.,18.092,-8.47,-1.674,N/A,0,,0,,,19.766,20220218,,18.672,18.672,18.092,208,0,3832.16,3832.16,Exchange Traded Product,Other,Global,Switzerland,N/A
21Shares Polygon (POLY) ETP,POLY,POLY.S,POLY SE,112953844,CH1129538448,21Shares AG,21Shares AG,EUR,USD,2.5,Physical,passive,Flow Traders B.V.,17.846,-5.56,-1.05,N/A,500,6.8,50,31,128.0423,18.896,20220218,,17.846,17.846,17.846,12,0,214.15,224.17,Exchange Traded Product,Other,Global,Switzerland,N/A
21Shares Polygon (POLY) ETP,POLY,POLY.S,POLY SE,112953844,CH1129538448,21Shares AG,21Shares AG,USD,USD,2.5,Physical,passive,Flow Traders B.V.,20.385,-5.19,-1.115,N/A,0,,400,24.52,,21.5,20220218,,20.78,20.78,20.37,8400,0,171855.33,158175.65,Exchange Traded Product,Other,Global,Switzerland,N/A
21Shares Ripple XRP ETP,AXRP,AXRP.S,AXRP SE,45466404,CH0454664043,21Shares AG,21Shares AG,USD,USD,2.5,Unknown,passive,Flow Traders B.V.|Optiver V.O.F,23.2,-4.21,-1.02,Ripple XRP,550,16.5,250,29,54.9451,24.22,20220218,,24.24,24.24,22.9,5980,0,140926.26,129708.53,Exchange Traded Product,Other,Global,Switzerland,N/A
21Shares Short Bitcoin ETP,SBTC,SBTC.S ,SBTC SE ,51406505,CH0514065058,21Shares AG,21Shares AG,USD,USD,2.5,Unknown,passive,Flow Traders B.V.|Optiver V.O.F,1.0816,4.62,0.0478,N/A,500,1.15,750,1.2,4.2553,1.0338,20220218,,1.0668,1.0668,1.0648,118821,0,128192.78,117988.63,Exchange Traded Product,Other,Global,Switzerland,N/A
21Shares Solana (SOL) ETP,ASOL,ASOL.S,ASOL SE,111487377,CH1114873776,21Shares AG,21Shares AG,USD,USD,2.5,Unknown,passive,Flow Traders B.V.,56.2,-6.13,-3.67,N/A,200,55,2000,69,22.5806,59.87,20220218,,58.69,58.69,55.52,6447,0,362878.66,333993.52,Exchange Traded Product,Other,Global,Switzerland,21Shares AG
21Shares Stellar ETP,AXLM,AXLM.S,AXLM SE,110957553,CH1109575535,21Shares AG,21Shares AG,USD,USD,2.5,Unknown,passive,Flow Traders B.V.,9.963,-7.75,-0.837,N/A,0,,750,15.65,,10.8,20220218,,10.444,10.444,9.963,1040,0,10562.3,9721.54,Exchange Traded Product,Other,Global,Switzerland,21Shares AG
21Shares Terra ETP (LUNA),LUNA,LUNA.S ,LUNA.SE ,114593101,CH1145931015,21Shares AG,21Shares AG,CHF,USD,2.5,Physical,passive,Flow Traders B.V.,12.928,-10.83,-1.57,N/A,0,,29,38.86,,14.498,20220218,,12.928,12.928,12.928,30,0,387.84,387.84,Exchange Traded Product,Other,Global,Switzerland,N/A
21Shares Terra ETP (LUNA),LUNA,LUNA.S ,LUNA.SE ,114593101,CH1145931015,21Shares AG,21Shares AG,EUR,USD,2.5,Physical,passive,Flow Traders B.V.,12.136,-8.06,-1.064,N/A,0,,0,,,13.2,20220218,,,,,0,0,0,0,Exchange Traded Product,Other,Global,Switzerland,N/A
21Shares Terra ETP (LUNA),LUNA,LUNA.S ,LUNA.SE ,114593101,CH1145931015,21Shares AG,21Shares AG,USD,USD,2.5,Physical,passive,Flow Traders B.V.,13.988,-9.79,-1.518,N/A,3500,7,0,,0,15.506,20220218,,14.236,14.236,13.988,5187,0,73515.63,67663.79,Exchange Traded Product,Other,Global,Switzerland,N/A
21Shares Tezos ETP,AXTZ,AXTZ.S ,AXTZ SE ,49150748,CH0491507486,21Shares AG,21Shares AG,USD,USD,2.5,Unknown,passive,Flow Traders B.V.,19.702,-7.46,-1.588,Tezos ,0,,50,49.68,,21.29,20220218,,20.435,20.435,19.702,1608,0,32005.05,29457.45,Exchange Traded Product,Other,Global,Switzerland,N/A
ADAetc - ETC Group Physical Cardano ETP,RDAN,RDANCHF.S,RDANCHF SE,115256508,DE000A3GVKY4,ETC Issuance GmbH,ETC Issuance GmbH,CHF,USD,1.95,physical,passive,Flow Traders B.V.,4.6295,-4.43,-0.2145,CCCAGG Cardano Price Index,0,,0,,,4.844,20220218,,,,,0,0,0,0,Exchange Traded Product,Other,Global,Germany,Unknown
ADAetc - ETC Group Physical Cardano ETP,RDAN,RDANGBP.S,RDANGBP SE,115256508,DE000A3GVKY4,ETC Issuance GmbH,ETC Issuance GmbH,GBP,USD,1.95,physical,passive,Flow Traders B.V.,3.702,-4.19,-0.162,CCCAGG Cardano Price Index,0,,0,,,3.864,20220218,,,,,0,0,0,0,Exchange Traded Product,Other,Global,Germany,Unknown
ADAetc - ETC Group Physical Cardano ETP,RDAN,RDAN.S,RDAN SE ,115256508,DE000A3GVKY4,ETC Issuance GmbH,ETC Issuance GmbH,USD,USD,1.95,physical,passive,Flow Traders B.V.,5.028,-4.5,-0.237,CCCAGG Cardano Price Index,0,,0,,,5.265,20220218,,,,,0,0,0,0,Exchange Traded Product,Other,Global,Germany,Unknown
BTCetc - Bitcoin ETP,BTCE,BTCE.S,BTCE SE,55503260,DE000A27Z304,ETC Issuance GmbH,ETC Issuance GmbH,CHF,USD,2,Unknown,passive,Flow Traders B.V.|GHCO (Goldenberg Hehmeyer LLP)|Optiver V.O.F,35.57,-4.03,-1.495,XBT CFIX Curncy ,10,30,0,,0,37.065,20220218,,36.2,36.2,35.57,3615,0,128804.89,128804.89,Exchange Traded Product,Other,Global,Germany,N/A
BTCetc - Bitcoin ETP,BTCE,BTCE.S,BTCE SE,55503260,DE000A27Z304,ETC Issuance GmbH,ETC Issuance GmbH,GBP,USD,2,Unknown,passive,Flow Traders B.V.|GHCO (Goldenberg Hehmeyer LLP)|Optiver V.O.F,28.45,-5.43,-1.635,XBT CFIX Curncy ,0,,0,,,30.085,20220218,,28.91,28.91,28.45,3332,0,94805.98,118896.18,Exchange Traded Product,Other,Global,Germany,N/A
BTCetc - Bitcoin ETP,BTCE,BTCE.S,BTCE SE,55503260,DE000A27Z304,ETC Issuance GmbH,ETC Issuance GmbH,USD,USD,2,Unknown,passive,Flow Traders B.V.|GHCO (Goldenberg Hehmeyer LLP)|Optiver V.O.F,38.64,-4.13,-1.665,XBT CFIX Curncy ,0,,0,,,40.305,20220218,,39.09,39.09,38.64,3709,0,143495.76,132073.5,Exchange Traded Product,Other,Global,Germany,N/A
COINSHARES PHYSICAL BITCOIN (BTC),BITC,BITCCHF S,BITCCHF SE,58943992,GB00BLD4ZL17,CoinShares Digital Securities Limited,CoinShares Digital Securities Limited,CHF,USD,0.98,Unknown,passive,Flow Traders B.V.|Optiver V.O.F,36.5,-4.61,-1.765,Bitcoin/CHF,50,34.2,500,41.75,19.8815,38.265,20220218,,37.065,37.065,36.5,592,0,21785.05,21785.05,Exchange Traded Product,Other,Global,United Kingdom,UNKNOWN
COINSHARES PHYSICAL BITCOIN (BTC),BITC,BITCEUR S,BITCEUR SE,58943992,GB00BLD4ZL17,CoinShares Digital Securities Limited,CoinShares Digital Securities Limited,EUR,USD,0.98,Unknown,passive,Flow Traders B.V.|Optiver V.O.F,34.785,-5.78,-2.135,Bitcoin/CHF,0,,0,,,36.92,20220218,,35.195,35.195,34.785,600,0,21037.25,22021.79,Exchange Traded Product,Other,Global,United Kingdom,UNKNOWN
COINSHARES PHYSICAL BITCOIN (BTC),BITC,BITCGBP S,BITCGBP SE,58943992,GB00BLD4ZL17,CoinShares Digital Securities Limited,CoinShares Digital Securities Limited,GBP,USD,0.98,Unknown,passive,Flow Traders B.V.|Optiver V.O.F,29.28,-4.13,-1.26,Bitcoin/CHF,0,,0,,,30.54,20220218,,,,,0,0,0,0,Exchange Traded Product,Other,Global,United Kingdom,UNKNOWN
COINSHARES PHYSICAL BITCOIN (BTC),BITC,BITC S,BITC SE,58943992,GB00BLD4ZL17,CoinShares Digital Securities Limited,CoinShares Digital Securities Limited,USD,USD,0.98,Unknown,passive,Flow Traders B.V.|Optiver V.O.F,39.82,-7.11,-3.05,Bitcoin/CHF,25,39,0,,0,42.87,20220218,,40.385,40.385,39.315,1235,0,49076.52,45170.03,Exchange Traded Product,Other,Global,United Kingdom,UNKNOWN
COINSHARES PHYSICAL ETHEREUM (ETH),ETHE,ETHECHF S,ETHECHF SE,59635770,GB00BLD4ZM24,CoinShares Digital Securities Limited,CoinShares Digital Securities Limited,CHF,USD,1.25,Unknown,passive,Flow Traders B.V.|Optiver V.O.F,78.53,-3.66,-2.98,Ethereum,200,58,10,105,57.6687,81.51,20220218,,78.53,78.53,78.53,20,0,1570.6,1570.6,Exchange Traded Product,Other,Global,United Kingdom,CoinShares
COINSHARES PHYSICAL ETHEREUM (ETH),ETHE,ETHEEUR S,ETHEEUR SE,59635770,GB00BLD4ZM24,CoinShares Digital Securities Limited,CoinShares Digital Securities Limited,EUR,USD,1.25,Unknown,passive,Flow Traders B.V.|Optiver V.O.F,75.94,-2.53,-1.97,Ethereum,0,,0,,,77.91,20220218,,75.94,75.94,75.94,100,0,7594,7949.4,Exchange Traded Product,Other,Global,United Kingdom,CoinShares
COINSHARES PHYSICAL ETHEREUM (ETH),ETHE,ETHE S,ETHE SE,59635770,GB00BLD4ZM24,CoinShares Digital Securities Limited,CoinShares Digital Securities Limited,USD,USD,1.25,Unknown,passive,Flow Traders B.V.|Optiver V.O.F,86.36,-3.08,-2.74,Ethereum,184,53.8,166,135,86.0169,89.1,20220218,,86.36,86.36,86.36,100,0,8636,7948.57,Exchange Traded Product,Other,Global,United Kingdom,CoinShares
COINSHARES PHYSICAL LITECOIN (LTC),LITE,LITECHF.S,LITECHF SE,110674421,GB00BLD4ZP54,CoinShares Digital Securities Limited,CoinShares Digital Securities Limited,CHF,USD,1.5,Unknown,passive,Flow Traders B.V.,21.235,-5.26,-1.18,Litecoin,0,,50,99,,22.415,20220218,,,,,0,0,0,0,Exchange Traded Product,Other,Global,United Kingdom,Unknown
COINSHARES PHYSICAL LITECOIN (LTC),LITE,LITEEUR.S,LITEEUR SE,110674421,GB00BLD4ZP54,CoinShares Digital Securities Limited,CoinShares Digital Securities Limited,EUR,USD,1.5,Unknown,passive,Flow Traders B.V.,20.18,-5.85,-1.255,Litecoin,0,,0,,,21.435,20220218,,20.18,20.18,20.18,6,0,121.08,126.75,Exchange Traded Product,Other,Global,United Kingdom,Unknown
COINSHARES PHYSICAL LITECOIN (LTC),LITE,LITE.S,LITE SE,110674421,GB00BLD4ZP54,CoinShares Digital Securities Limited,CoinShares Digital Securities Limited,USD,USD,1.5,Unknown,passive,Flow Traders B.V.,23.055,-5.4,-1.315,Litecoin,0,,0,,,24.37,20220218,,,,,0,0,0,0,Exchange Traded Product,Other,Global,United Kingdom,Unknown
COINSHARES PHYSICAL XRP,XRPL,XRPLCHF S,XRPLCHF SE,110676560,GB00BLD4ZN31,CoinShares Digital Securities Limited,CoinShares Digital Securities Limited,CHF,USD,1.5,Unknown,passive,Flow Traders B.V.|Optiver V.O.F,27.935,-6.1,-1.815,XRP/CHF ,0,,0,,,29.75,20220218,,,,,0,0,0,0,Exchange Traded Product,Other,Global,United Kingdom,CoinShares 
COINSHARES PHYSICAL XRP,XRPL,XRPLEUR S,XRPLEUR SE,110676560,GB00BLD4ZN31,CoinShares Digital Securities Limited,CoinShares Digital Securities Limited,EUR,USD,1.5,Unknown,passive,Flow Traders B.V.|Optiver V.O.F,26.77,-4.8,-1.35,XRP/CHF ,0,,0,,,28.12,20220218,,,,,0,0,0,0,Exchange Traded Product,Other,Global,United Kingdom,CoinShares 
COINSHARES PHYSICAL XRP,XRPL,XRPL S,XRPL SE,110676560,GB00BLD4ZN31,CoinShares Digital Securities Limited,CoinShares Digital Securities Limited,USD,USD,1.5,Unknown,passive,Flow Traders B.V.|Optiver V.O.F,31.4,-1.44,-0.46,XRP/CHF ,0,,0,,,31.86,20220218,,31.7,31.7,31.4,5711,0,180375.4,166017.52,Exchange Traded Product,Other,Global,United Kingdom,CoinShares 
DOTetc - ETC Group Physical Polkadot ETP,PLKA,PLKACHF.S,PLKACHF SE,115256505,DE000A3GVKX6,ETC Issuance GmbH,ETC Issuance GmbH,CHF,USD,1.95,physical,passive,Flow Traders B.V.,4.126,-3.72,-0.1595,CCCAGG Polkadot Price Index,0,,0,,,4.2855,20220218,,,,,0,0,0,0,Exchange Traded Product,Other,Global,Germany,N/A
DOTetc - ETC Group Physical Polkadot ETP,PLKA,PLKAGBP.S,PLKAGBP SE ,115256505,DE000A3GVKX6,ETC Issuance GmbH,ETC Issuance GmbH,GBP,USD,1.95,physical,passive,Flow Traders B.V.,3.2975,-3.61,-0.1235,CCCAGG Polkadot Price Index,0,,0,,,3.421,20220218,,,,,0,0,0,0,Exchange Traded Product,Other,Global,Germany,N/A
DOTetc - ETC Group Physical Polkadot ETP,PLKA,PLKA.S,PLKA SE ,115256505,DE000A3GVKX6,ETC Issuance GmbH,ETC Issuance GmbH,USD,USD,1.95,physical,passive,Flow Traders B.V.,4.48,-3.83,-0.1785,CCCAGG Polkadot Price Index,0,,0,,,4.6585,20220218,,,,,0,0,0,0,Exchange Traded Product,Other,Global,Germany,N/A
ETHetc - Physical Ethereum,ZETH,ZETHCHF.S,ZETHCHF SE,110488627,DE000A3GMKD7,ETC Issuance GmbH,ETC Issuance GmbH,CHF,USD,1.49,Physical,passive,Flow Traders B.V.|GHCO (Goldenberg Hehmeyer LLP)|Optiver V.O.F,25.75,-5.49,-1.495,XET CFIX Curncy,0,,0,,,27.245,20220218,,26.065,26.065,25.75,359,0,9260,9260,Exchange Traded Product,Other,Global,Germany,N/A
ETHetc - Physical Ethereum,ZETH,ZETHGBP.S,ZETHGBP SE,110488627,DE000A3GMKD7,ETC Issuance GmbH,ETC Issuance GmbH,GBP,USD,1.49,Physical,passive,Flow Traders B.V.|GHCO (Goldenberg Hehmeyer LLP)|Optiver V.O.F,20.38,-6.23,-1.355,XET CFIX Curncy,0,,0,,,21.735,20220218,,20.575,20.575,20.38,475,0,9739.98,12214.91,Exchange Traded Product,Other,Global,Germany,N/A
ETHetc - Physical Ethereum,ZETH,ZETH.S,ZETH SE,110488627,DE000A3GMKD7,ETC Issuance GmbH,ETC Issuance GmbH,USD,USD,1.49,Physical,passive,Flow Traders B.V.|GHCO (Goldenberg Hehmeyer LLP)|Optiver V.O.F,27.98,-5.52,-1.635,XET CFIX Curncy,0,,0,,,29.615,20220218,,27.98,27.98,27.98,284,0,7946.32,7313.79,Exchange Traded Product,Other,Global,Germany,N/A
GPF Physical Copper ETC ,TCOP,TCOP.S,TCOP SE,112161508,XS2314659447,GPF Metals plc,GPF Metals plc,CHF,USD,0.85,Physical,passive,GHCO (Goldenberg Hehmeyer LLP),9.207,0,0,LME Cash Copper Price,0,,0,,,9.207,20220218,,,,,0,0,0,0,Exchange Traded Product,Commodities,Global,Ireland,N/A
GPF Physical Gold ETC ,TGLD,TGLD.S,TGLD SE,58961848,XS2265368097,GPF Metals plc,GPF Metals plc,CHF,USD,0.12,Physical,passive,GHCO (Goldenberg Hehmeyer LLP),17.344,0.09,0.016,LBMA Spot Gold Price,0,,0,,,17.328,20220218,,,,,0,0,0,0,Exchange Traded Product,Commodities,Global,Ireland,N/A
GPF Physical Nickel ETC,TNIK,TNIK.S,TNIK SE,112161525,XS2314660700,GPF Metals plc,GPF Metals plc,CHF,USD,0.75,Physical,passive,GHCO (Goldenberg Hehmeyer LLP),22.28,1.92,0.42,LME Cash Nickel Price,0,,0,,,21.86,20220218,,,,,0,0,0,0,Exchange Traded Product,Commodities,Global,Ireland,N/A
GPF Physical Palladium ETC,TPAL,TPAL.S,TPAL SE,58847495,XS2265370234,GPF Metals plc,GPF Metals plc,CHF,USD,0.2,Physical,passive,GHCO (Goldenberg Hehmeyer LLP),21.51,0,0,LPPM Spot Palladium Price,0,,0,,,21.51,20220218,,,,,0,0,0,0,Exchange Traded Product,Commodities,Global,Ireland,n/a
GPF Physical Platinum ETC,TPLT,TPLT.S,TPLT SE,58847471,XS2265369731,GPF Metals plc,GPF Metals plc,CHF,USD,0.2,Physical,passive,GHCO (Goldenberg Hehmeyer LLP),9.909,-1.03,-0.103,LPPM Spot Platinum Price,0,,0,,,10.012,20220218,,,,,0,0,0,0,Exchange Traded Product,Commodities,Global,Ireland,N/A
GPF Physical Silver ETC,TSLV,TSLV.S,TSLV SE,58847211,XS2265369574,GPF Metals plc,GPF Metals plc,CHF,USD,0.2,Physical,passive,GHCO (Goldenberg Hehmeyer LLP),21.985,0.14,0.03,LBMA Spot Silver Price,0,,0,,,21.955,20220218,,,,,0,0,0,0,Exchange Traded Product,Commodities,Global,Ireland,N/A
Iconic Funds Physical Bitcoin ETP,XBTI,XBTIUSD S ,XBTIUSD SE ,110570684,DE000A3GK2N1,Iconic Funds BTC ETN GmbH,Iconic Funds BTC ETN GmbH,CHF,USD,0.95,Physical,passive,Flow Traders B.V.|Optiver V.O.F,3.673,-4.4,-0.169,NYSE Bitcoin Index,0,,500,4.5,,3.842,20220218,,,,,0,0,0,0,Exchange Traded Product,Other,Global,Germany,Unknown
Iconic Funds Physical Bitcoin ETP,XBTI,XBTIUSD S ,XBTIUSD SE ,110570684,DE000A3GK2N1,Iconic Funds BTC ETN GmbH,Iconic Funds BTC ETN GmbH,USD,USD,0.95,Physical,passive,Flow Traders B.V.|Optiver V.O.F,3.99,-4.43,-0.185,NYSE Bitcoin Index,0,,0,,,4.175,20220218,,,,,0,0,0,0,Exchange Traded Product,Other,Global,Germany,Unknown
Invesco Physical Bitcoin ETP,BTIC,BTIC.S,BTIC SE,114433069,XS2376095068,Invesco,Invesco Digital Markets plc,USD,USD,0.99,Physical,passive,Flow Traders B.V.,40.13,-4.53,-1.905,Coinshares Bitcoin Hourly Reference Rate - 4pm Fixing,0,,0,,,42.035,20220218,,,,,0,0,0,0,Exchange Traded Product,Other,Global,Jersey,Invesco Digital Markets 
Invesco Physical Gold ETC,SGLD,SGLD.S,SGLD SE,10326235,IE00B579F325,Invesco,Invesco Physical Markets plc,USD,USD,0.12,Physical,passive,Flow Traders B.V.|Optiver V.O.F|Virtu Financial Ireland Ltd.,183.3,0.14,0.26,physical gold,6,170,0,,0,183.04,20220218,,183.16,183.16,183.16,2407,0,441826.4,406657.02,Exchange Traded Product,Commodities,Global,Ireland,Unknown
Invesco Physical Gold EUR Hedged ETC,SGLE,SGLE.S,SGLE SE,55529265,XS2183935274,Invesco,Invesco Physical Markets plc,EUR,EUR,0.19,Physical,passive,Flow Traders B.V.,48.5,0.46,0.22,LBMA Gold Price (PM),0,,0,,,48.28,20220218,,,,,0,0,0,0,Exchange Traded Product,Commodities,Global,Ireland,Invesco
LTCetc - Physical Litecoin,ELTC,ELTCCHF.S,ELTCCHF SE,111198508,DE000A3GN5J9,ETC Issuance GmbH,ETC Issuance GmbH,CHF,USD,2,Physical,passive,Flow Traders B.V.,10.752,-3.4,-0.378,XLC CFIX Curncy,0,,0,,,11.13,20220218,,10.88,10.88,10.752,18892,0,205507.18,205507.18,Exchange Traded Product,Other,Global,Germany,N/A
LTCetc - Physical Litecoin,ELTC,ELTCGBP.S,ELTCGBP SE,111198508,DE000A3GN5J9,ETC Issuance GmbH,ETC Issuance GmbH,GBP,USD,2,Physical,passive,Flow Traders B.V.,8.676,-2.25,-0.2,XLC CFIX Curncy,0,,0,,,8.876,20220218,,8.668,8.668,8.668,8286,0,71856.19,90114.85,Exchange Traded Product,Other,Global,Germany,N/A
LTCetc - Physical Litecoin,ELTC,ELTC.S,ELTC SE,111198508,DE000A3GN5J9,ETC Issuance GmbH,ETC Issuance GmbH,USD,USD,2,Physical,passive,Flow Traders B.V.,11.81,-2.38,-0.288,XLC CFIX Curncy,0,,0,,,12.098,20220218,,11.816,11.816,11.81,16560,0,195714.36,180135.5,Exchange Traded Product,Other,Global,Germany,N/A
SEBA Bitcoin ETP (CHF - hedged),SBTCC,SBTCC.S,SBTCC SE,57468368,CH0574683683,SEBA Bank AG,SA1 Issuer Limited,CHF,CHF,1.5,Unknown,passive,GHCO (Goldenberg Hehmeyer LLP),3.4895,-4.53,-0.1655,Bitcoin,0,,1200,5.8,,3.655,20220218,,,,,0,0,0,0,Exchange Traded Product,Other,United Kingdom,United Kingdom,Unknown 
SEBA Bitcoin ETP (USD),SBTCU,SBTCU.S,SBTCU SE,55887593,CH0558875933,SEBA Bank AG,SA1 Issuer Limited,USD,USD,0.75,Unknown,passive,GHCO (Goldenberg Hehmeyer LLP)|Optiver V.O.F,3.897,-6.02,-0.2495,Bitcoin,45454,3.1,0,,0,4.1465,20220218,,3.996,3.996,3.897,39200,0,156501.05,144043.57,Exchange Traded Product,Other,United Kingdom,United Kingdom,
SEBA Crypto Asset Select Index ETP (USD),SEBAX,SEBAX.S,SEBAX SE,56845270,CH0568452707,SEBA Bank AG,SA1 Issuer Limited,USD,USD,1.5,Unknown,passive,GHCO (Goldenberg Hehmeyer LLP),34.35,-8.47,-3.18,SEBA Crypto Asset Select Index,3000,33,480,45,30.7692,37.53,20220218,,35.595,35.595,34.35,3160,0,110503.08,101707.03,Exchange Traded Product,Other,United Kingdom,United Kingdom,Unknown
SEBA Ethereum ETP (USD),SETH,SETH .S,SETH SE,58741863,CH0587418630,SEBA Bank AG,SA1 Issuer Limited,USD,USD,0.75,Unknown,passive,GHCO (Goldenberg Hehmeyer LLP)|Optiver V.O.F,2.782,-6.35,-0.1885,Ethereum,30000,2.22,0,,0,2.9705,20220218,,,,,0,0,0,0,Exchange Traded Product,Other,United Kingdom,United Kingdom,Unknown
SEBA Polkadot ETP (USD),SDOT,SDOT.S,SDOT SE,111351687,CH1113516871,SEBA Bank AG,SA1 Issuer Limited,USD,USD,1.25,Physical,passive,GHCO (Goldenberg Hehmeyer LLP),17.904,-3.68,-0.684,Polkadot,200,16.3,200,29.3,57.0175,18.588,20220218,,,,,0,0,0,0,Exchange Traded Product,Other,United Kingdom,United Kingdom,Unknown
SOLetc - ETC Group Physical Solana ETP,ESOL,ESOLCHF.S,ESOLCHF SE,115256504,DE000A3GVKZ1,ETC Issuance GmbH,ETC Issuance GmbH,CHF,USD,1.95,physical,passive,Flow Traders B.V.,8.386,-6.43,-0.576,CCCAGG Solana Price Index,0,,0,,,8.962,20220218,,,,,0,0,0,0,Exchange Traded Product,Other,Global,Germany,Unknown
SOLetc - ETC Group Physical Solana ETP,ESOL,ESOLGBP.S,ESOLGBP SE,115256504,DE000A3GVKZ1,ETC Issuance GmbH,ETC Issuance GmbH,GBP,USD,1.95,physical,passive,Flow Traders B.V.,6.703,-6.24,-0.446,CCCAGG Solana Price Index,0,,0,,,7.149,20220218,,,,,0,0,0,0,Exchange Traded Product,Other,Global,Germany,Unknown
SOLetc - ETC Group Physical Solana ETP,ESOL,ESOL.S,ESOL SE,115256504,DE000A3GVKZ1,ETC Issuance GmbH,ETC Issuance GmbH,USD,USD,1.95,physical,passive,Flow Traders B.V.,9.108,-6.52,-0.635,CCCAGG Solana Price Index,0,,0,,,9.743,20220218,,,,,0,0,0,0,Exchange Traded Product,Other,Global,Germany,Unknown
Sygnum Platform Winners Index ETP,MOON,MOON.S ,MOON.SE,50879345,CH0508793459,21Shares AG,21Shares AG,USD,USD,2.5,Unknown,passive,Flow Traders B.V.,16.96,-5.67,-1.02,21Shares Sygnum Platform Winners Index,15,17,2000,20.3,17.6944,17.98,20220218,,17.734,17.734,16.96,4964,0,85830.94,78998.8,Exchange Traded Product,Other,Global,Switzerland,N/A 
VanEck Avalanche ETN,VAVA,VAVACHF.S,VAVACHF SE,115281640,DE000A3GV1T7,VanEck ETP AG,VanEck ETP AG,CHF,USD,1.5,unknown,passive,Flow Traders B.V.,9.066,-1.98,-0.183,MVIS CryptoCompare Avalanche VWAP Close Index ,0,,0,,,9.249,20220218,,9.066,9.066,9.066,937,0,8494.84,8494.84,Exchange Traded Product,Other,Global,Germany,VanEck ETP AG
VanEck Avalanche ETN,VAVA,VAVA.S,VAVA SE,115281640,DE000A3GV1T7,VanEck ETP AG,VanEck ETP AG,USD,USD,1.5,unknown,passive,Flow Traders B.V.,9.228,-8.27,-0.832,MVIS CryptoCompare Avalanche VWAP Close Index ,1300,7.25,0,,0,10.06,20220218,,,,,0,0,0,0,Exchange Traded Product,Other,Global,Germany,VanEck ETP AG
VanEck Bitcoin ETN,VBTC,VETHCHF.S ,VBTCCHF SE,58450415,DE000A28M8D0,VanEck ETP AG,VanEck ETP AG,CHF,USD,1,Unknown,passive,Flow Traders B.V.|Optiver V.O.F,20.39,-5.21,-1.12,MVIS CryptoCompare Bitcoin VWAP Close Index (MVBTCV Index),0,,100,24.95,,21.51,20220218,,,,,0,0,0,0,Exchange Traded Product,Other,Switzerland,Switzerland,VanEck
VanEck Bitcoin ETN,VBTC,VBTC.S ,VBTC SE,58450415,DE000A28M8D0,VanEck ETP AG,VanEck ETP AG,USD,USD,1,Unknown,passive,Flow Traders B.V.|Optiver V.O.F,22.14,-4.49,-1.04,MVIS CryptoCompare Bitcoin VWAP Close Index (MVBTCV Index),150,10,0,,0,23.18,20220218,,,,,0,0,0,0,Exchange Traded Product,Other,Switzerland,Switzerland,VanEck
VanEck Crypto Leaders ETN,VTOP,VTOPCHF.S,VTOPCHF SE,115718916,DE000A3GWEU3,VanEck ETP AG,VanEck ETP AG,CHF,USD,1.5,Physical,passive,Flow Traders B.V.,7.431,-5.27,-0.413,MVIS CryptoCompare Crypto Leaders VWAP Close Index ,0,,0,,,7.844,20220218,,,,,0,0,0,0,Exchange Traded Product,Other,Global,Liechtenstein,N/A
VanEck Crypto Leaders ETN,VTOP,VTOP.S,VTOP SE,115718916,DE000A3GWEU3,VanEck ETP AG,VanEck ETP AG,USD,USD,1.5,Physical,passive,Flow Traders B.V.,8.071,-5.31,-0.453,MVIS CryptoCompare Crypto Leaders VWAP Close Index ,0,,0,,,8.524,20220218,,,,,0,0,0,0,Exchange Traded Product,Other,Global,Liechtenstein,N/A
VanEck Ethereum ETN,VETH,VETHCHF.S ,VETHCHF SE,110830519,DE000A3GPSP7,VanEck ETP AG,VanEck ETP AG,CHF,USD,1,Unknown,passive,Flow Traders B.V.|Optiver V.O.F,15.674,-6.48,-1.086,MVIS CryptoCompare Ethereum VWAP Close Index (MVETHV Index),250,7,51,22.25,104.2735,16.76,20220218,,,,,0,0,0,0,Exchange Traded Product,Other,Switzerland,Switzerland,Unknown
VanEck Ethereum ETN,VETH,VETH.S ,VETH SE,110830519,DE000A3GPSP7,VanEck ETP AG,VanEck ETP AG,USD,USD,1,Unknown,passive,Flow Traders B.V.|Optiver V.O.F,17.018,-6.58,-1.198,MVIS CryptoCompare Ethereum VWAP Close Index (MVETHV Index),400,10,0,,0,18.216,20220218,,,,,0,0,0,0,Exchange Traded Product,Other,Switzerland,Switzerland,Unknown
VanEck Polkadot ETN,VDOT,VDOTCHF.S,VDOTCHF SE,113558825,DE000A3GSUC5,VanEck ETP AG,VanEck ETP AG,CHF,USD,1.5,unknown,passive,Flow Traders B.V.,5.395,-3.78,-0.212,MVIS CryptoCompare Polkadot VWAP Close Index ,0,,0,,,5.607,20220218,,,,,0,0,0,0,Exchange Traded Product,Other,Global,Germany,unknown
VanEck Polkadot ETN,VDOT,VDOT.S,VDOT SE,113558825,DE000A3GSUC5,VanEck ETP AG,VanEck ETP AG,USD,USD,1.5,unknown,passive,Flow Traders B.V.,5.859,-3.84,-0.234,MVIS CryptoCompare Polkadot VWAP Close Index ,0,,0,,,6.093,20220218,,,,,0,0,0,0,Exchange Traded Product,Other,Global,Germany,unknown
VanEck Polygon ETN,VPOL,VPOLCHF.S,VPOLCHF SE,115281644,DE000A3GV1U5,VanEck ETP AG,VanEck ETP AG,CHF,USD,1.5,unknown,passive,Flow Traders B.V.,6.485,-2.33,-0.155,MVIS CryptoCompare Polygon VWAP Close Index ,0,,0,,,6.64,20220218,,6.485,6.485,6.485,1313,0,8514.81,8514.81,Exchange Traded Product,Other,Global,Germany,VanEck ETP AG
VanEck Polygon ETN,VPOL,VPOL.S,VPOL SE,115281644,DE000A3GV1U5,VanEck ETP AG,VanEck ETP AG,USD,USD,1.5,unknown,passive,Flow Traders B.V.,6.683,-7.41,-0.535,MVIS CryptoCompare Polygon VWAP Close Index ,0,,0,,,7.218,20220218,,,,,0,0,0,0,Exchange Traded Product,Other,Global,Germany,VanEck ETP AG
VanEck Solana ETN,VSOL,VSOLCHF.S,VSOLCHF SE,113558824,DE000A3GSUD3,VanEck ETP AG,VanEck ETP AG,CHF,USD,1.5,unknown,passive,Flow Traders B.V.,4.78,-6.37,-0.325,MVIS CryptoCompare Solana VWAP Close Index ,1150,3.4,0,,0,5.105,20220218,,4.935,4.935,4.78,3361,0,16526.5,16526.5,Exchange Traded Product,Other,Global,Germany,unknown
VanEck Solana ETN,VSOL,VSOL.S,VSOL SE,113558824,DE000A3GSUD3,VanEck ETP AG,VanEck ETP AG,USD,USD,1.5,unknown,passive,Flow Traders B.V.,5.104,-6.54,-0.357,MVIS CryptoCompare Solana VWAP Close Index ,0,,0,,,5.461,20220218,,,,,0,0,0,0,Exchange Traded Product,Other,Global,Germany,unknown
WisdomTree Bitcoin,BTCW,WBTC.S EUR,WBTC SE EUR,51008802,GB00BJYDH287,WisdomTree Europe,WisdomTree Issuer X Limited,EUR,USD,0.95,Physical,passive,Flow Traders B.V.|Optiver V.O.F,8.707,-3.93,-0.356,BRR INDEX ,3650,7.25,80,26,112.782,9.063,20220218,,8.707,8.707,8.707,100,0,870.7,911.45,Exchange Traded Product,Other,Global,Jersey,Bloomberg 
WisdomTree Bitcoin,BTCW,BTCW.S ,BTCW SE,51008802,GB00BJYDH287,WisdomTree Europe,WisdomTree Issuer X Limited,USD,USD,0.95,Physical,passive,Flow Traders B.V.|Optiver V.O.F|Virtu Financial Ireland Ltd.,9.839,-4.27,-0.439,BRR INDEX ,40000,9,3000,11.55,24.8175,10.278,20220218,,9.966,9.966,9.742,9297,0,91239.02,83976.39,Exchange Traded Product,Other,Global,Jersey,Bloomberg 
WisdomTree Crypto Altcoins,WALT,WALTCHF.S,WALTCHF SE,113602746,GB00BMTP1519,WisdomTree Europe,WisdomTree Issuer X Limited,CHF,USD,1.45,unknown,passive,Flow Traders B.V.,3.8445,-1.61,-0.063,WTCFALTC Index,0,,0,,,3.9075,20220218,,3.8445,3.8445,3.8445,80,0,307.56,307.56,Exchange Traded Product,Other,Global,Jersey,unknown
WisdomTree Crypto Altcoins,WALT,WALTEUR.S,WALTEUR SE,113602746,GB00BMTP1519,WisdomTree Europe,WisdomTree Issuer X Limited,EUR,USD,1.45,unknown,passive,Flow Traders B.V.,3.549,-4.94,-0.1845,WTCFALTC Index,0,,0,,,3.7335,20220218,,,,,0,0,0,0,Exchange Traded Product,Other,Global,Jersey,unknown
WisdomTree Crypto Altcoins,WALT,WALT.S,WALT SE,113602746,GB00BMTP1519,WisdomTree Europe,WisdomTree Issuer X Limited,USD,USD,1.45,unknown,passive,Flow Traders B.V.,4.022,-5.25,-0.223,WTCFALTC Index,0,,0,,,4.245,20220218,,,,,0,0,0,0,Exchange Traded Product,Other,Global,Jersey,unknown
WisdomTree Crypto Market,BLOC,BLOCCHF.S,BLOCCHF SE,113603053,GB00BMTP1626,WisdomTree Europe,WisdomTree Issuer X Limited,CHF,USD,1.45,unknown,passive,Flow Traders B.V.,5.029,-4.88,-0.258,WTCFMRKT Index,0,,0,,,5.287,20220218,,5.029,5.029,5.029,1000,0,5029,5029,Exchange Traded Product,Other,Global,Jersey,unknown
WisdomTree Crypto Market,BLOC,BLOCEUR.S,BLOCEUR SE,113603053,GB00BMTP1626,WisdomTree Europe,WisdomTree Issuer X Limited,EUR,USD,1.45,unknown,passive,Flow Traders B.V.,4.765,-7.58,-0.391,WTCFMRKT Index,0,,0,,,5.156,20220218,,4.765,4.765,4.765,167,0,795.76,833,Exchange Traded Product,Other,Global,Jersey,unknown
WisdomTree Crypto Market,BLOC,BLOC.S,BLOC SE,113603053,GB00BMTP1626,WisdomTree Europe,WisdomTree Issuer X Limited,USD,USD,1.45,unknown,passive,Flow Traders B.V.,5.441,-5.24,-0.301,WTCFMRKT Index,0,,0,,,5.742,20220218,,,,,0,0,0,0,Exchange Traded Product,Other,Global,Jersey,unknown
WisdomTree Crypto Mega Cap Equal Weight,MEGA,MEGACHF.S,MEGACHF SE,113602541,GB00BMTP1733,WisdomTree Europe,WisdomTree Issuer X Limited,CHF,USD,0.95,unknown,passive,Flow Traders B.V.,6.245,-5.48,-0.362,WTCFMEGA Index,0,,0,,,6.607,20220218,,,,,0,0,0,0,Exchange Traded Product,Other,Global,Jersey,unknown
WisdomTree Crypto Mega Cap Equal Weight,MEGA,MEGAEUR.S,MEGAEUR SE,113602541,GB00BMTP1733,WisdomTree Europe,WisdomTree Issuer X Limited,EUR,USD,0.95,unknown,passive,Flow Traders B.V.,6.13,-2.94,-0.186,WTCFMEGA Index,0,,0,,,6.316,20220218,,6.13,6.13,6.13,100,0,613,641.69,Exchange Traded Product,Other,Global,Jersey,unknown
WisdomTree Crypto Mega Cap Equal Weight,MEGA,MEGA.S,MEGA SE,113602541,GB00BMTP1733,WisdomTree Europe,WisdomTree Issuer X Limited,USD,USD,0.95,unknown,passive,Flow Traders B.V.,6.783,-5.54,-0.398,WTCFMEGA Index,0,,0,,,7.181,20220218,,,,,0,0,0,0,Exchange Traded Product,Other,Global,Jersey,unknown
WisdomTree Ethereum,ETHW,ETHWEUR.S,ETHWEUR SE,51009054,GB00BJYDH394,WisdomTree Europe,WisdomTree Issuer X Limited,EUR,USD,0.95,Physical,passive,Flow Traders B.V.|Optiver V.O.F,24.59,-5.79,-1.51,ETHUSDRR INDEX,0,,0,,,26.1,20220218,,,,,0,0,0,0,Exchange Traded Product,Other,Global,Jersey,N/A
WisdomTree Ethereum,ETHW,ETHW.S,ETHW SE,51009054,GB00BJYDH394,WisdomTree Europe,WisdomTree Issuer X Limited,USD,USD,0.95,Physical,passive,Flow Traders B.V.|Optiver V.O.F,27.96,-5.8,-1.72,ETHUSDRR INDEX,300,26.79,85,43,46.4536,29.68,20220218,,28.91,28.91,27.96,2184,0,61909.54,56981.54,Exchange Traded Product,Other,Global,Jersey,N/A
Xtrackers Physical Gold ETC,XGLD,XGLD.S,XGLD SE,11426331,GB00B5840F36,DB ETC,db ETC plc,USD,USD,0.25,Physical,passive,Flow Traders B.V.|GHCO (Goldenberg Hehmeyer LLP)|Optiver V.O.F,183.28,-0.2,-0.36,physical gold,75,165,0,,0,183.64,20220218,,183.36,183.36,182.72,2794,0,511974.2,471221.05,Exchange Traded Product,Commodities,Global,Jersey,Unknown
Xtrackers Physical Gold EUR Hedged ETC,XAD1,XAD1.S,XAD1 SE,11425418,DE000A1EK0G3,DB ETC,db ETC plc,EUR,EUR,0.59,Physical,passive,Flow Traders B.V.|GHCO (Goldenberg Hehmeyer LLP)|Optiver V.O.F,121.76,0.1,0.12,physical gold,0,,0,,,121.64,20220218,,121.5,121.5,121.16,576,0,69962.88,73237.14,Exchange Traded Product,Commodities,Global,Jersey,Deutsche Bank
Xtrackers Physical Silver EUR Hedged ETC,XAD2,XAD2.S,XAD2 SE,11425423,DE000A1EK0J7,DB ETC,db ETC plc,EUR,EUR,0.75,Physical,passive,Flow Traders B.V.|GHCO (Goldenberg Hehmeyer LLP)|Optiver V.O.F,144.6,0.75,1.08,physical silver,0,,60,200,,143.52,20220218,,144.22,144.22,144.22,205,0,29626.6,31013.12,Exchange Traded Product,Commodities,Global,Jersey,Deutsche Bank
